id,expression,image_id,sent_id,object_name,category_id,attributes,sonnet_success,sonnet_output,sonnet_valid,sonnet_tokens,sonnet_time,sonnet_error,haiku_success,haiku_output,haiku_valid,haiku_tokens,haiku_time,haiku_error,both_successful,both_valid,outputs_identical,sonnet_faster
2388625_6100,The wood chair that is to the left of the pink shirt that is to the right of the table,2388625,6100,chair,783,"['brown', 'wood']",True,"target(X), type(X, chair), expression(hasAttribute, X, wood), expression(leftOf, X, shirt), expression(hasAttribute, shirt, pink), expression(rightOf, shirt, table)",True,162,4.817735910415649,,True,"target(X), type(X, chair), type(Y, shirt), type(Z, table), expression(made_of, X, wood), expression(left_of, X, Y), expression(right_of, Y, Z), expression(hasAttribute, Y, pink)",True,165,1.5417909622192383,,True,True,False,False
2359509_4219,The black cat that is lying on the wood desk,2359509,4219,cat,173,['black'],True,"target(X), type(X, cat), expression(hasAttribute, X, black), expression(on, X, desk), expression(hasAttribute, desk, wood)",True,141,3.1215858459472656,,True,"target(X), type(X, cat), expression(hasAttribute, X, black), expression(on, X, desk), expression(hasAttribute, desk, wood), expression(lying, X)",True,147,1.3483808040618896,,True,True,False,False
2327496_8095,The brown door that is of the room,2327496,8095,door,462,['brown'],True,"target(X), type(X, door), expression(hasAttribute, X, brown), expression(of, X, room)",True,129,1.9217300415039062,,True,"target(X), type(X, door), expression(of, X, room), expression(hasAttribute, X, brown)",True,129,0.9735281467437744,,True,True,False,False
2364966_14033,The glass bottle that is on the table and to the left of the yellow sauce,2364966,14033,bottle,687,"['glass', 'open']",True,"target(X), type(X, bottle), expression(hasAttribute, X, glass), expression(on, X, table), expression(leftOf, X, sauce), expression(hasAttribute, sauce, yellow)",True,157,2.738588809967041,,True,"target(X), type(X, bottle), type(X, glass), expression(on, X, table), expression(leftOf, X, sauce), type(sauce, yellow)",True,147,1.5214390754699707,,True,True,False,False
2317272_17458,The wood bench that is in front of the gray wall and in front of the wood window,2317272,17458,bench,834,"['brown', 'wood']",True,"target(X), type(X, bench), expression(hasAttribute, X, wood), expression(inFrontOf, X, wall), expression(hasAttribute, wall, gray), expression(inFrontOf, X, window), expression(hasAttribute, window, wood)",True,171,3.8546180725097656,,True,"target(X), type(X, bench), type(X, wood), expression(in_front_of, X, wall), expression(in_front_of, X, window), type(wall, gray), type(window, wood)",True,157,1.29746413230896,,True,True,False,False
2395343_5243,The surfing person that is in the calm water,2395343,5243,person,792,"['surfing', 'surfing']",True,"target(X), type(X, person), expression(in, X, water), expression(hasAttribute, water, calm), expression(hasAttribute, X, surfing)",True,143,2.9108378887176514,,True,"target(X), type(X, person), type(X, surfing), expression(in, X, water), expression(hasAttribute, water, calm)",True,138,1.3424181938171387,,True,True,False,False
2412311_5451,The white shirt that is to the right of the happy man that is to the left of the sign that is on the wall,2412311,5451,shirt,688,['white'],True,"target(X), type(X, shirt), expression(hasAttribute, X, white), expression(rightOf, X, person), expression(hasAttribute, person, happy), expression(leftOf, person, sign), expression(on, sign, wall)",True,175,5.135313987731934,,True,"target(X), type(X, shirt), color(X, white), expression(right_of, X, Y), type(Y, man), expression(happy, Y, true), expression(left_of, Y, Z), type(Z, sign), expression(on, Z, wall)",True,170,1.5486469268798828,,True,True,False,False
2390071_3654,The white plate that is of the white rice,2390071,3654,plate,937,['white'],True,"target(X), type(X, plate), expression(hasAttribute, X, white), expression(of, X, rice), expression(hasAttribute, rice, white)",True,141,1.855431079864502,,True,"target(X), type(X, plate), expression(of, X, rice), expression(hasAttribute, X, white), expression(hasAttribute, rice, white)",True,141,1.1393580436706543,,True,True,False,False
2404668_5716,The black dress that is to the right of the arm,2404668,5716,dress,590,['black'],True,"target(X), type(X, dress), expression(hasAttribute, X, black), expression(rightOf, X, arm)",True,133,2.5791547298431396,,True,"target(X), type(X, dress), expression(color, X, black), expression(right_of, X, arm)",True,132,0.9393980503082275,,True,True,False,False
713187_11262,the first rock from the left that is large and to the left of gray pavement,713187,11262,rocks,303,['large'],True,"target(X), type(X, rock), expression(hasPosition, X, left), expression(hasAttribute, X, large), expression(leftOf, X, pavement), expression(hasAttribute, pavement, gray)",True,160,2.5751571655273438,,True,"target(X), type(X, rock), type(X, large), expression(from, X, left), expression(leftOf, X, pavement), type(pavement, gray)",True,148,1.406069040298462,,True,True,False,False
2345855_5057,The white toilet that is to the right of the sink that is below the mirror that is on the wall,2345855,5057,toilet,902,"['toilet', 'white']",True,"target(X), type(X, toilet), expression(hasAttribute, X, white), expression(rightOf, X, sink), expression(below, sink, mirror), expression(on, mirror, wall)",True,161,2.816720962524414,,True,"target(X), type(X, toilet), expression(white, X, white), expression(toTheRightOf, X, sink), expression(below, sink, mirror), expression(on, mirror, wall)",True,161,1.3697807788848877,,True,True,False,False
2334526_5848,The tennis shoe that is on the floor,2334526,5848,shoe,592,"['white', 'tennis']",True,"target(X), type(X, shoe), expression(hasAttribute, X, tennis), expression(on, X, floor)",True,130,2.4592888355255127,,True,"target(X), type(X, shoe), type(shoe, tennis), expression(on, X, floor)",True,126,1.0186123847961426,,True,True,False,False
2403230_3389,The blond woman that is holding the clear glass,2403230,3389,woman,162,"['young', 'posing', 'blond', 'smiling', 'happy']",True,"target(X), type(X, woman), expression(hasAttribute, X, blond), expression(holding, X, glass), expression(hasAttribute, glass, clear)",True,144,3.2077248096466064,,True,"target(X), type(X, woman), expression(hasAttribute, X, blond), expression(holding, X, Y), type(Y, glass), expression(hasAttribute, Y, clear)",True,146,1.4778261184692383,,True,True,False,False
2414061_4271,The sitting cat that is in front of the brown fence,2414061,4271,cat,173,"['black', 'sitting']",True,"target(X), type(X, cat), expression(hasAttribute, X, sitting), expression(inFrontOf, X, fence), expression(hasAttribute, fence, brown)",True,145,1.614128828048706,,True,"target(X), type(X, cat), expression(sitting, X, null), expression(in_front_of, X, fence), type(fence, fence), expression(hasAttribute, fence, brown)",True,149,1.4771392345428467,,True,True,False,False
2346651_7759,The blue jean that is to the right of the hand,2346651,7759,jeans,618,['blue'],True,"target(X), type(X, jean), expression(hasAttribute, X, blue), expression(rightOf, X, hand)",True,133,2.8747498989105225,,True,"target(X), type(X, jean), color(X, blue), expression(toTheRightOf, X, hand)",True,129,0.992354154586792,,True,True,False,False
2403093_8123,The open door that is of the indoors oven,2403093,8123,door,462,['open'],True,"target(X), type(X, door), expression(hasAttribute, X, open), expression(from, X, oven), expression(hasAttribute, oven, indoors)",True,141,3.3359527587890625,,True,"target(X), type(X, door), expression(of, X, oven), expression(indoors, oven, true)",True,130,1.1076531410217285,,True,True,False,False
2317536_9150,cabinet on the left that is wood and to the right of refrigerator,2317536,9150,cabinet,918,"['brown', 'wood']",True,"target(X), type(X, cabinet), expression(hasPosition, X, left), expression(hasAttribute, X, wood), expression(rightOf, X, refrigerator)",True,149,1.4757099151611328,,True,"target(X), type(X, cabinet), expression(on, X, left), expression(material, X, wood), expression(rightOf, X, refrigerator)",True,146,1.242156982421875,,True,True,False,False
2369841_3865,The framed picture that is on the yellow wall,2369841,3865,picture,933,"['black', 'framed']",True,"target(X), type(X, picture), expression(hasAttribute, X, framed), expression(on, X, wall), expression(hasAttribute, wall, yellow)",True,143,6.439651727676392,,True,"target(X), type(X, picture), expression(on, X, wall), expression(hasAttribute, picture, framed), expression(hasAttribute, wall, yellow)",True,144,1.3455967903137207,,True,True,False,False
2412511_3785,The standing bird that is by the dirty water,2412511,3785,bird,267,['standing'],True,"target(X), type(X, bird), expression(hasAttribute, X, standing), expression(near, X, water), expression(hasAttribute, water, dirty)",True,143,1.837270975112915,,True,"target(X), type(X, bird), expression(standing, X, null), expression(by, X, water), expression(dirty, water, null)",True,139,1.1574201583862305,,True,True,False,False
713397_16513,The white desk that is above the trash can and behind the black chair,713397,16513,desk,768,['white'],True,"target(X), type(X, desk), expression(hasAttribute, X, white), expression(above, X, trash_can), expression(behind, X, chair), expression(hasAttribute, chair, black)",True,157,2.43097186088562,,True,"target(X), type(X, desk), type(Y, trashCan), type(Z, chair), expression(white, X), expression(above, X, Y), expression(behind, X, Z), expression(black, Z)",True,155,1.3864068984985352,,True,True,False,False
2385677_15768,The wood table that is below the white sink and below the mirror,2385677,15768,table,741,"['brown', 'wood']",True,"target(X), type(X, table), expression(hasAttribute, X, wood), expression(under, X, sink), expression(hasAttribute, sink, white), expression(under, X, mirror)",True,155,4.929602146148682,,True,"target(X), type(X, table), type(X, wood), expression(below, X, sink), type(sink, white), expression(below, X, mirror)",True,145,1.2024641036987305,,True,True,False,False
2384329_6063,The wood chair that is in front of the floor,2384329,6063,chair,783,"['brown', 'wood']",True,"target(X), type(X, chair), expression(hasAttribute, X, wood), expression(inFrontOf, X, floor)",True,134,2.414055824279785,,True,"target(X), type(X, chair), type(X, wood), expression(in_front_of, X, floor)",True,129,0.9246120452880859,,True,True,False,False
2378201_2245,The red label that is to the left of the food that is on top of the round table,2378201,2245,label,572,['red'],True,"target(X), type(X, label), expression(hasAttribute, X, red), expression(leftOf, X, food), expression(on, food, table), expression(hasAttribute, table, round)",True,158,3.2982940673828125,,True,"target(X), type(X, label), type(Y, food), type(Z, table), expression(hasAttribute, X, red), expression(left, X, Y), expression(on, Y, Z), expression(hasAttribute, Z, round)",True,162,1.439676284790039,,True,True,False,False
2383122_7657,The green tree that is to the left of the pink pant,2383122,7657,trees,529,"['tall', 'green']",True,"target(X), type(X, tree), expression(hasAttribute, X, green), expression(leftOf, X, pant), expression(hasAttribute, pant, pink)",True,143,3.1029558181762695,,True,"target(X), type(X, tree), type(X, green), expression(left_of, X, pant), type(pant, pink)",True,134,1.3284149169921875,,True,True,False,False
2380448_6645,The metal knife that is on the brown table,2380448,6645,knife,819,"['metal', 'black', 'sharp']",True,"target(X), type(X, knife), expression(hasAttribute, X, metal), expression(on, X, table), expression(hasAttribute, table, brown)",True,141,1.6574690341949463,,True,"target(X), type(X, knife), type(X, metal), expression(on, X, table), expression(hasAttribute, table, brown)",True,136,0.9672791957855225,,True,True,False,False
2403683_8904,the first man from the right that is walking and to the right of suit,2403683,8904,man,230,['walking'],True,"target(X), type(X, person), expression(fromDirection, X, right), expression(hasAttribute, X, walking), expression(rightOf, X, suit)",True,149,2.5397980213165283,,True,"target(X), type(X, man), expression(from, X, right), expression(walking, X, true), expression(to_the_right_of, X, suit)",True,146,1.0665159225463867,,True,True,False,False
2409686_7443,The ripe banana that is in the basket,2409686,7443,bananas,734,"['lying', 'ripe', 'yellow']",True,"target(X), type(X, banana), expression(hasAttribute, X, ripe), expression(in, X, basket)",True,131,2.1347992420196533,,True,"target(X), type(X, banana), expression(ripe, X, banana), expression(in, X, basket)",True,129,0.9297029972076416,,True,True,False,False
2400554_3076,The walking man that is standing on the sandy beach,2400554,3076,man,230,"['standing', 'walking', 'surfing', 'barefoot']",True,"target(X), type(X, person), expression(hasAttribute, X, walking), expression(on, X, beach), expression(hasAttribute, beach, sandy)",True,144,2.4786441326141357,,True,"target(X), type(X, man), expression(walking, X, null), expression(standing, X, null), expression(on, X, beach), type(beach, sandy)",True,144,1.437232255935669,,True,True,False,False
2346644_5806,The black cell phone that is to the left of the hand that is to the right of the picture,2346644,5806,cell phone,229,['black'],True,"target(X), type(X, phone), expression(hasAttribute, X, black), expression(leftOf, X, hand), expression(rightOf, hand, picture)",True,153,3.093414783477783,,True,"target(X), type(X, cell_phone), type(Y, hand), type(Z, picture), expression(black, X), expression(left_of, X, Y), expression(right_of, Y, Z)",True,157,1.1811597347259521,,True,True,False,False
2409049_8559,the first boy from the right that is little and to the right of green t-shirt,2409049,8559,boy,880,['little'],True,"target(X), type(X, boy), expression(fromDirection, X, right), expression(hasAttribute, X, little), expression(rightOf, X, shirt), expression(hasAttribute, shirt, green)",True,161,3.30525803565979,,True,"target(X), type(X, boy), type(X, little), expression(from, X, right), expression(rightOf, X, greenTShirt)",True,145,1.0166599750518799,,True,True,False,False
2383754_9893,motorcycle on the left that is black and to the left of wheel,2383754,9893,motorcycle,789,['black'],True,"target(X), type(X, motorcycle), expression(hasPosition, X, left), expression(hasAttribute, X, black), expression(leftOf, X, wheel)",True,147,1.6287150382995605,,True,"target(X), type(X, motorcycle), expression(on, X, left), expression(hasAttribute, X, black), expression(leftOf, X, wheel)",True,145,1.223651647567749,,True,True,False,False
2327696_6617,The white spoon that is on the round plate that is on the wood table,2327696,6617,spoon,573,['white'],True,"target(X), type(X, spoon), expression(hasAttribute, X, white), expression(on, X, plate), expression(hasAttribute, plate, round), expression(on, plate, table), expression(hasAttribute, table, wood)",True,166,4.0214550495147705,,True,"target(X), type(X, spoon), type(Y, plate), type(Z, table), expression(white, X), expression(on, X, Y), expression(round, Y), expression(on, Y, Z), expression(wood, Z)",True,158,1.6289260387420654,,True,True,False,False
2401384_14820,The smiling man that is wearing the brown glass and holding the orange phone,2401384,14820,man,230,"['smiling', 'happy']",True,"target(X), type(X, person), expression(hasAttribute, X, smiling), expression(wearing, X, glass), expression(hasAttribute, glass, brown), expression(holding, X, phone), expression(hasAttribute, phone, orange)",True,170,4.539992094039917,,True,"target(X), type(X, man), expression(hasAttribute, X, smiling), expression(wearing, X, glass), expression(hasAttribute, X, brown), expression(holding, X, phone), expression(hasAttribute, X, orange)",True,168,1.3391470909118652,,True,True,False,False
2396708_3672,The white plate that is on the wood table,2396708,3672,plate,937,['white'],True,"target(X), type(X, plate), expression(hasAttribute, X, white), expression(on, X, table), expression(hasAttribute, table, wood)",True,141,4.378337144851685,,True,"target(X), type(X, plate), expression(on, X, table), expression(hasAttribute, X, white), type(table, wood)",True,136,16.94373607635498,,True,True,False,True
2367468_4650,The black jacket that is to the right of the full shelf,2367468,4650,jacket,955,['black'],True,"target(X), type(X, jacket), expression(hasAttribute, X, black), expression(rightOf, X, shelf), expression(hasAttribute, shelf, full)",True,146,3.6017959117889404,,True,"target(X), type(X, jacket), type(jacket, black), expression(right_of, X, shelf), type(shelf, full)",True,137,1.386200189590454,,True,True,False,False
2390210_7863,The wood bench that is on the bridge,2390210,7863,bench,834,['wood'],True,"target(X), type(X, bench), expression(hasAttribute, X, wood), expression(on, X, bridge)",True,130,3.328371047973633,,True,"target(X), type(X, bench), expression(on, X, bridge)",True,122,0.7134621143341064,,True,True,False,False
2343710_8623,building on the left that is white and to the left of poster,2343710,8623,building,948,['white'],True,"target(X), type(X, building), expression(hasPosition, X, left), expression(hasAttribute, X, white), expression(leftOf, X, poster)",True,147,3.64119291305542,,True,"target(X), type(X, building), expression(on, X, left), expression(hasAttribute, X, white), expression(toLeftOf, X, poster)",True,145,1.1354172229766846,,True,True,False,False
2398442_3994,The painted train that is near the weed,2398442,3994,train,729,"['blue', 'painted']",True,"target(X), type(X, train), expression(hasAttribute, X, painted), expression(near, X, weed)",True,131,2.879915952682495,,True,"target(X), type(X, train), expression(painted, X, train), expression(near, X, weed)",True,129,1.0212457180023193,,True,True,False,False
2370370_7521,The glass window that is to the left of the gray shirt,2370370,7521,window,480,['glass'],True,"target(X), type(X, window), expression(hasAttribute, X, glass), expression(leftOf, X, shirt), expression(hasAttribute, shirt, gray)",True,145,3.1667838096618652,,True,"target(X), type(X, window), type(Y, shirt), expression(left_of, X, Y), expression(hasAttribute, X, glass), expression(hasAttribute, Y, gray)",True,148,1.382066249847412,,True,True,False,False
2381255_12244,the first counter from the right that is granite and to the right of wood cabinet,2381255,12244,counter,238,['granite'],True,"target(X), type(X, counter), expression(fromDirection, X, right), expression(hasAttribute, X, granite), expression(rightOf, X, cabinet), expression(hasAttribute, cabinet, wood)",True,164,3.6046178340911865,,True,"target(X), type(X, counter), type(wood, cabinet), expression(right_of, X, wood_cabinet), expression(hasAttribute, X, granite)",True,151,1.334825038909912,,True,True,False,False
